資格名,ファイルパス
FP技能検定1級,qualifications/FP技能検定1級.csv
FP技能検定2級,qualifications/FP技能検定2級.csv
FP技能検定3級,qualifications/FP技能検定3級.csv
ITサービスマネージャ試験,qualifications/ITサービスマネージャ試験.csv
ITストラテジスト試験,qualifications/ITストラテジスト試験.csv
ITパスポート試験,qualifications/ITパスポート試験.csv
JLPT（N1〜N5）,qualifications/JLPT（N1〜N5）.csv
TOEIC Listening ＆ Reading,qualifications/TOEIC Listening ＆ Reading.csv
ウェブデザイン技能検定,qualifications/ウェブデザイン技能検定.csv
エンベデッドシステムスペシャリスト試験,qualifications/エンベデッドシステムスペシャリスト試験.csv
キャリアコンサルタント,qualifications/キャリアコンサルタント.csv
システムアーキテクト試験,qualifications/システムアーキテクト試験.csv
システム監査技術者試験,qualifications/システム監査技術者試験.csv
データベーススペシャリスト試験,qualifications/データベーススペシャリスト試験.csv
ネットワークスペシャリスト試験,qualifications/ネットワークスペシャリスト試験.csv
プロジェクトマネージャ試験,qualifications/プロジェクトマネージャ試験.csv
ボイラー技士,qualifications/ボイラー技士.csv
マンション管理士,qualifications/マンション管理士.csv
一級建築士,qualifications/一級建築士.csv
不動産鑑定士,qualifications/不動産鑑定士.csv
中小企業診断士,qualifications/中小企業診断士.csv
二級建築士,qualifications/二級建築士.csv
介護福祉士,qualifications/介護福祉士.csv
作業主任者,qualifications/作業主任者.csv
作業環境測定士,qualifications/作業環境測定士.csv
作業療法士,qualifications/作業療法士.csv
保健師,qualifications/保健師.csv
保育士,qualifications/保育士.csv
全国通訳案内士,qualifications/全国通訳案内士.csv
公認会計士,qualifications/公認会計士.csv
公認心理師,qualifications/公認心理師.csv
助産師,qualifications/助産師.csv
医師,qualifications/医師.csv
危険物取扱者,qualifications/危険物取扱者.csv
司法書士,qualifications/司法書士.csv
司法試験,qualifications/司法試験.csv
司法試験予備試験,qualifications/司法試験予備試験.csv
土地家屋調査士,qualifications/土地家屋調査士.csv
土木施工管理技士,qualifications/土木施工管理技士.csv
基本情報技術者試験,qualifications/基本情報技術者試験.csv
宅地建物取引士,qualifications/宅地建物取引士.csv
実用英語技能検定（英検）,qualifications/実用英語技能検定（英検）.csv
小型船舶操縦士,qualifications/小型船舶操縦士.csv
工事担任者,qualifications/工事担任者.csv
建築施工管理技士,qualifications/建築施工管理技士.csv
弁理士,qualifications/弁理士.csv
応用情報技術者試験,qualifications/応用情報技術者試験.csv
情報セキュリティマネジメント試験,qualifications/情報セキュリティマネジメント試験.csv
情報処理安全確保支援士試験,qualifications/情報処理安全確保支援士試験.csv
愛玩動物看護師,qualifications/愛玩動物看護師.csv
技術士,qualifications/技術士.csv
救急救命士,qualifications/救急救命士.csv
旅行業務取扱管理者,qualifications/旅行業務取扱管理者.csv
日商簿記検定試験,qualifications/日商簿記検定試験.csv
日本漢字能力検定（漢検）,qualifications/日本漢字能力検定（漢検）.csv
木造建築士,qualifications/木造建築士.csv
歯科医師,qualifications/歯科医師.csv
浄化槽管理士,qualifications/浄化槽管理士.csv
海事代理士,qualifications/海事代理士.csv
海技士,qualifications/海技士.csv
消防設備士,qualifications/消防設備士.csv
測量士,qualifications/測量士.csv
測量士補,qualifications/測量士補.csv
無線従事者,qualifications/無線従事者.csv
獣医師,qualifications/獣医師.csv
理学療法士,qualifications/理学療法士.csv
理容師,qualifications/理容師.csv
登録日本語教員（日本語教員試験）,qualifications/登録日本語教員（日本語教員試験）.csv
登録販売者,qualifications/登録販売者.csv
看護師,qualifications/看護師.csv
社会保険労務士,qualifications/社会保険労務士.csv
社会福祉士,qualifications/社会福祉士.csv
税理士,qualifications/税理士.csv
第一種電気主任技術者,qualifications/第一種電気主任技術者.csv
第一種電気工事士,qualifications/第一種電気工事士.csv
第三種電気主任技術者,qualifications/第三種電気主任技術者.csv
第二種電気主任技術者,qualifications/第二種電気主任技術者.csv
第二種電気工事士,qualifications/第二種電気工事士.csv
管工事施工管理技士,qualifications/管工事施工管理技士.csv
管理栄養士,qualifications/管理栄養士.csv
管理業務主任者,qualifications/管理業務主任者.csv
精神保健福祉士,qualifications/精神保健福祉士.csv
給水装置工事主任技術者,qualifications/給水装置工事主任技術者.csv
美容師,qualifications/美容師.csv
臨床工学技士,qualifications/臨床工学技士.csv
臨床検査技師,qualifications/臨床検査技師.csv
自動車整備士,qualifications/自動車整備士.csv
航空従事者,qualifications/航空従事者.csv
薬剤師,qualifications/薬剤師.csv
行政書士,qualifications/行政書士.csv
衛生管理者,qualifications/衛生管理者.csv
製菓衛生師,qualifications/製菓衛生師.csv
言語聴覚士,qualifications/言語聴覚士.csv
計量士,qualifications/計量士.csv
診療放射線技師,qualifications/診療放射線技師.csv
調理師,qualifications/調理師.csv
賃貸不動産経営管理士,qualifications/賃貸不動産経営管理士.csv
通関士,qualifications/通関士.csv
造園施工管理技士,qualifications/造園施工管理技士.csv
運行管理者,qualifications/運行管理者.csv
電気工事施工管理技士,qualifications/電気工事施工管理技士.csv
電気通信主任技術者,qualifications/電気通信主任技術者.csv
電気通信工事施工管理技士,qualifications/電気通信工事施工管理技士.csv
