分野グループ,資格種別,資格名,実施団体,過去問一覧URL,種別,年度,区分・状況,URL
労務・キャリア,国家資格,キャリアコンサルタント,日本キャリア開発協会（JCDA）／キャリアコンサルティング協議会,https://www.jcda-careerex.org/past/,問題,2026,2026年度（第32回・2026年7月・学科）,https://www.jcda-careerex.org/wp-content/uploads/2026/07/32_gakka_mondai.pdf
労務・キャリア,国家資格,キャリアコンサルタント,日本キャリア開発協会（JCDA）／キャリアコンサルティング協議会,https://www.jcda-careerex.org/past/,問題,2026,2026年度（第32回・実技（論述））,https://www.jcda-careerex.org/wp-content/uploads/2026/07/32-ronjyutsuHP.pdf
労務・キャリア,国家資格,キャリアコンサルタント,日本キャリア開発協会（JCDA）／キャリアコンサルティング協議会,https://www.jcda-careerex.org/past/,問題,2025,2025年度（第31回・2026年3月・学科）,https://www.jcda-careerex.org/wp-content/uploads/2026/03/31_gakka_mondai.pdf
労務・キャリア,国家資格,キャリアコンサルタント,日本キャリア開発協会（JCDA）／キャリアコンサルティング協議会,https://www.jcda-careerex.org/past/,問題,2025,2025年度（第31回・実技（論述））,https://www.jcda-careerex.org/wp-content/uploads/2026/03/31-ronjyutsuHP.pdf
労務・キャリア,国家資格,キャリアコンサルタント,日本キャリア開発協会（JCDA）／キャリアコンサルティング協議会,https://www.jcda-careerex.org/past/,問題,2025,2025年度（第30回・2025年11月・学科）,https://www.jcda-careerex.org/wp-content/uploads/2025/11/30_gakka_mondai.pdf
労務・キャリア,国家資格,キャリアコンサルタント,日本キャリア開発協会（JCDA）／キャリアコンサルティング協議会,https://www.jcda-careerex.org/past/,問題,2025,2025年度（第30回・実技（論述））,https://www.jcda-careerex.org/wp-content/uploads/2025/11/30-ronjyutsuHP.pdf
労務・キャリア,国家資格,キャリアコンサルタント,日本キャリア開発協会（JCDA）／キャリアコンサルティング協議会,https://www.jcda-careerex.org/past/,問題,,【キャリアコンサルティング協議会】2026年度（第32回・学科）,https://www.career-shiken.org/wordpress/wp-content/uploads/32_gakka_mondai_202707058262534261.pdf
労務・キャリア,国家資格,キャリアコンサルタント,日本キャリア開発協会（JCDA）／キャリアコンサルティング協議会,https://www.jcda-careerex.org/past/,問題,,【キャリアコンサルティング協議会】2026年度（第32回・実技）,https://www.career-shiken.org/wordpress/wp-content/uploads/32_jitsugi_mondai_202607053625255372.pdf
労務・キャリア,国家資格,キャリアコンサルタント,日本キャリア開発協会（JCDA）／キャリアコンサルティング協議会,https://www.jcda-careerex.org/past/,問題,,【キャリアコンサルティング協議会】2025年度（第31回・学科）,https://www.career-shiken.org/wordpress/wp-content/uploads/31_gakka_mondai_2026030183645272.pdf
労務・キャリア,国家資格,キャリアコンサルタント,日本キャリア開発協会（JCDA）／キャリアコンサルティング協議会,https://www.jcda-careerex.org/past/,問題,,【キャリアコンサルティング協議会】2025年度（第31回・実技）,https://www.career-shiken.org/wordpress/wp-content/uploads/31_jitsugi_mondai_202603018463525.pdf
労務・キャリア,国家資格,キャリアコンサルタント,日本キャリア開発協会（JCDA）／キャリアコンサルティング協議会,https://www.jcda-careerex.org/past/,問題,,【キャリアコンサルティング協議会】2025年度（第30回・学科）,https://www.career-shiken.org/wordpress/wp-content/uploads/30_gakka_mondai_202511025364862.pdf
労務・キャリア,国家資格,キャリアコンサルタント,日本キャリア開発協会（JCDA）／キャリアコンサルティング協議会,https://www.jcda-careerex.org/past/,問題,,【キャリアコンサルティング協議会】2025年度（第30回・実技）,https://www.career-shiken.org/wordpress/wp-content/uploads/30_jitsugi_mondai_202511023548352.pdf
労務・キャリア,国家資格,キャリアコンサルタント,日本キャリア開発協会（JCDA）／キャリアコンサルティング協議会,https://www.jcda-careerex.org/past/,問題,2024,2024年度〜2017年度：未公表（両団体の過去問題ページに掲載なし。直近3回分のみ掲載）,
労務・キャリア,国家資格,キャリアコンサルタント,日本キャリア開発協会（JCDA）／キャリアコンサルティング協議会,https://www.jcda-careerex.org/past/,正解,2026,2026年度（第32回・学科）,https://www.jcda-careerex.org/wp-content/uploads/2026/07/32_gakka_seitou.pdf
労務・キャリア,国家資格,キャリアコンサルタント,日本キャリア開発協会（JCDA）／キャリアコンサルティング協議会,https://www.jcda-careerex.org/past/,正解,2025,2025年度（第31回・学科）,https://www.jcda-careerex.org/wp-content/uploads/2026/03/31_gakka_seitou.pdf
労務・キャリア,国家資格,キャリアコンサルタント,日本キャリア開発協会（JCDA）／キャリアコンサルティング協議会,https://www.jcda-careerex.org/past/,正解,2025,2025年度（第30回・学科）,https://www.jcda-careerex.org/wp-content/uploads/2025/11/30_gakka_seito.pdf
労務・キャリア,国家資格,キャリアコンサルタント,日本キャリア開発協会（JCDA）／キャリアコンサルティング協議会,https://www.jcda-careerex.org/past/,正解,,【キャリアコンサルティング協議会】2026年度（第32回・学科）,https://www.career-shiken.org/wordpress/wp-content/uploads/32_gakka_seito_2026070502863527227.pdf
労務・キャリア,国家資格,キャリアコンサルタント,日本キャリア開発協会（JCDA）／キャリアコンサルティング協議会,https://www.jcda-careerex.org/past/,正解,,【キャリアコンサルティング協議会】2025年度（第31回・学科）,https://www.career-shiken.org/wordpress/wp-content/uploads/31_gakka_seito_2026030146283356.pdf
労務・キャリア,国家資格,キャリアコンサルタント,日本キャリア開発協会（JCDA）／キャリアコンサルティング協議会,https://www.jcda-careerex.org/past/,正解,,【キャリアコンサルティング協議会】2025年度（第30回・学科）,https://www.career-shiken.org/wordpress/wp-content/uploads/30_gakka_seito_202511026342783.pdf
労務・キャリア,国家資格,キャリアコンサルタント,日本キャリア開発協会（JCDA）／キャリアコンサルティング協議会,https://www.jcda-careerex.org/past/,正解,,実技（論述）の解答：未公表（協議会ページに模範解答は公開しない旨の記載）,
労務・キャリア,国家資格,キャリアコンサルタント,日本キャリア開発協会（JCDA）／キャリアコンサルティング協議会,https://www.jcda-careerex.org/past/,正解,2024,2024年度〜2017年度：未公表,
